{
    "best_method": "crop_TM_CCORR",
    "crop_AKAZE_BF_0.8": {
        "best_case": {
            "matching_mse": 101.11912255832392,
            "matching_ncc": 0.027626700316918405,
            "matching_psnr": 28.082470684198242,
            "matching_ssim": 55.237526526190926,
            "mse": 99.70841629155125,
            "ncc": -0.004178489585165414,
            "patient": [
                "05701544",
                "L",
                "20220629"
            ],
            "psnr": 28.143485426293676,
            "ssim": 3.6644365987909975
        },
        "case": 180,
        "mse": [
            100.272,
            2.641
        ],
        "ncc": [
            0.21,
            0.134
        ],
        "psnr": [
            28.12,
            0.114
        ],
        "ssim": [
            16.228,
            8.499
        ],
        "worst_case": {
            "matching_mse": 102.88011445239871,
            "matching_ncc": 0.15547831892769973,
            "matching_psnr": 28.007489221421807,
            "matching_ssim": 2.0347076613454607,
            "mse": 101.5936417936288,
            "ncc": 0.12981331266892115,
            "patient": [
                "09958282",
                "L",
                "20161205"
            ],
            "psnr": 28.062138322541497,
            "ssim": 4.104696577572522
        }
    },
    "crop_BRISK_BF_0.8": {
        "best_case": {
            "matching_mse": 103.25445726271631,
            "matching_ncc": -0.00165329938956314,
            "matching_psnr": 27.99171552618695,
            "matching_ssim": 73.23029505742768,
            "mse": 101.98862751038781,
            "ncc": 0.008846551194273678,
            "patient": [
                "18289838",
                "L",
                "20190725"
            ],
            "psnr": 28.045286134671883,
            "ssim": 2.8053245911169635
        },
        "case": 180,
        "mse": [
            100.313,
            2.665
        ],
        "ncc": [
            0.208,
            0.129
        ],
        "psnr": [
            28.119,
            0.114
        ],
        "ssim": [
            16.572,
            9.75
        ],
        "worst_case": {
            "matching_mse": 98.96186826820671,
            "matching_ncc": 0.08960383020090575,
            "matching_psnr": 28.1761247526833,
            "matching_ssim": 5.23017158730823,
            "mse": 99.23005756578948,
            "ncc": 0.18412798059465252,
            "patient": [
                "04978848",
                "R",
                "20180801"
            ],
            "psnr": 28.16437117567487,
            "ssim": 6.519021510189926
        }
    },
    "crop_KAZE_BF_0.8": {
        "best_case": {
            "matching_mse": 99.66230059430717,
            "matching_ncc": 0.023621980493238763,
            "matching_psnr": 28.145494527079613,
            "matching_ssim": 72.39988039300681,
            "mse": 99.70841629155125,
            "ncc": -0.004282527457382604,
            "patient": [
                "05701544",
                "L",
                "20220629"
            ],
            "psnr": 28.143485426293676,
            "ssim": 3.6644365987909975
        },
        "case": 180,
        "mse": [
            99.912,
            2.313
        ],
        "ncc": [
            0.221,
            0.148
        ],
        "psnr": [
            28.136,
            0.1
        ],
        "ssim": [
            16.241,
            9.873
        ],
        "worst_case": {
            "matching_mse": 101.04719283080391,
            "matching_ncc": 0.17877991075217667,
            "matching_psnr": 28.085561078857193,
            "matching_ssim": 6.077207482045722,
            "mse": 102.83931353878117,
            "ncc": 0.20245933980388514,
            "patient": [
                "13790698",
                "L",
                "20170405"
            ],
            "psnr": 28.009211918402457,
            "ssim": 7.125469472513781
        }
    },
    "crop_ORB_BF_0.8": {
        "best_case": {
            "matching_mse": 101.11912255832392,
            "matching_ncc": 0.027626700316918405,
            "matching_psnr": 28.082470684198242,
            "matching_ssim": 55.237526526190926,
            "mse": 99.70841629155125,
            "ncc": -0.004178489585165414,
            "patient": [
                "05701544",
                "L",
                "20220629"
            ],
            "psnr": 28.143485426293676,
            "ssim": 3.6644365987909975
        },
        "case": 180,
        "mse": [
            100.111,
            3.047
        ],
        "ncc": [
            0.266,
            0.161
        ],
        "psnr": [
            28.128,
            0.131
        ],
        "ssim": [
            19.942,
            10.184
        ],
        "worst_case": {
            "matching_mse": 98.89461726862677,
            "matching_ncc": 0.16813320496350814,
            "matching_psnr": 28.1790770682534,
            "matching_ssim": 7.571303133293631,
            "mse": 99.23005756578948,
            "ncc": 0.18410523630476738,
            "patient": [
                "04978848",
                "R",
                "20180801"
            ],
            "psnr": 28.16437117567487,
            "ssim": 6.519021510189926
        }
    },
    "crop_SIFT_BF_0.8": {
        "best_case": {
            "matching_mse": 99.2729408693382,
            "matching_ncc": 0.003908538438175595,
            "matching_psnr": 28.162494732242425,
            "matching_ssim": 92.15368431724045,
            "mse": 97.52567737188366,
            "ncc": 0.09323686197911367,
            "patient": [
                "03270708",
                "R",
                "20230608"
            ],
            "psnr": 28.23961385448812,
            "ssim": 4.45159590738545
        },
        "case": 180,
        "mse": [
            100.284,
            2.866
        ],
        "ncc": [
            0.233,
            0.144
        ],
        "psnr": [
            28.12,
            0.123
        ],
        "ssim": [
            18.082,
            10.543
        ],
        "worst_case": {
            "matching_mse": 101.63982975704913,
            "matching_ncc": 0.14090112921323003,
            "matching_psnr": 28.060164319161434,
            "matching_ssim": 2.487906089206871,
            "mse": 101.62158067867036,
            "ncc": 0.06596450723630008,
            "patient": [
                "02875773",
                "L",
                "20230323"
            ],
            "psnr": 28.060944149828163,
            "ssim": 2.72807635858687
        }
    },
    "crop_TM_CCOEFF": {
        "best_case": {
            "matching_mse": 101.11912255832392,
            "matching_ncc": 0.027626700316918405,
            "matching_psnr": 28.082470684198242,
            "matching_ssim": 55.237526526190926,
            "mse": 99.70841629155125,
            "ncc": -0.004178489585165414,
            "patient": [
                "05701544",
                "L",
                "20220629"
            ],
            "psnr": 28.143485426293676,
            "ssim": 3.6644365987909975
        },
        "case": 180,
        "mse": [
            100.109,
            3.047
        ],
        "ncc": [
            0.266,
            0.161
        ],
        "psnr": [
            28.128,
            0.131
        ],
        "ssim": [
            19.917,
            10.173
        ],
        "worst_case": {
            "matching_mse": 98.89461726862677,
            "matching_ncc": 0.16813320496350814,
            "matching_psnr": 28.1790770682534,
            "matching_ssim": 7.571303133293631,
            "mse": 99.23005756578948,
            "ncc": 0.18410523630476738,
            "patient": [
                "04978848",
                "R",
                "20180801"
            ],
            "psnr": 28.16437117567487,
            "ssim": 6.519021510189926
        }
    },