{
    "03978730_R": {
        "0": {
            "VAPR_CC": 100.0,
            "VAPR_OR": 100.0,
            "VDI_CC": 2.489864864864865,
            "VDI_OR": 2.7606837606837606,
            "VD_CC": 4.784885734072022,
            "VD_OR": 2.4465460526315788,
            "VLD_CC": 1.9217451523545706,
            "VLD_OR": 0.8862101800554016
        },
        "1": {
            "VAPR_CC": 60.651289009497965,
            "VAPR_OR": 73.28615656789032,
            "VDI_CC": 2.3433333333333333,
            "VDI_OR": 2.3267477203647418,
            "VD_CC": 2.9020948753462603,
            "VD_OR": 1.7929795706371192,
            "VLD_CC": 0.9738573407202216,
            "VLD_OR": 0.7119979224376731
        }
    },
    "11990421_L": {
        "0": {
            "VAPR_CC": 100.0,
            "VAPR_OR": 100.0,
            "VDI_CC": 1.9465,
            "VDI_OR": 4.226415094339623,
            "VD_CC": 4.212474030470914,
            "VD_OR": 0.24238227146814403,
            "VLD_CC": 2.164127423822715,
            "VLD_OR": 0.057349376731301936
        },
        "1": {
            "VAPR_CC": 0,
            "VAPR_OR": 0,
            "VDI_CC": 0,
            "VDI_OR": 0,
            "VD_CC": 0,
            "VD_OR": 0,
            "VLD_CC": 0,
            "VLD_OR": 0
        },
        "2": {
            "VAPR_CC": 0,
            "VAPR_OR": 0,
            "VDI_CC": 0,
            "VDI_OR": 0,
            "VD_CC": 0,
            "VD_OR": 0,
            "VLD_CC": 0,
            "VLD_OR": 0
        }
    },
    "13319575_L": {
        "0": {
            "VAPR_CC": 100.0,
            "VAPR_OR": 100.0,
            "VDI_CC": 2.599832915622389,
            "VDI_OR": 2.0404191616766467,
            "VD_CC": 3.367382271468144,
            "VD_OR": 1.47485283933518,
            "VLD_CC": 1.2952302631578947,
            "VLD_OR": 0.7228185595567868
        },
        "1": {
            "VAPR_CC": 20.565552699228792,
            "VAPR_OR": 0,
            "VDI_CC": 1.6166666666666667,
            "VDI_OR": 0,
            "VD_CC": 0.6925207756232687,
            "VD_OR": 0,
            "VLD_CC": 0.2596952908587258,
            "VLD_OR": 0
        }
    },
    "13319575_R": {
        "0": {
            "VAPR_CC": 100.0,
            "VAPR_OR": 100.0,
            "VDI_CC": 2.31767955801105,
            "VDI_OR": 2.4780316344463973,
            "VD_CC": 1.8157029085872576,
            "VD_OR": 1.525709833795014,
            "VLD_CC": 0.7834141274238227,
            "VLD_OR": 0.6156942520775623
        },
        "1": {
            "VAPR_CC": 6.6746126340882,
            "VAPR_OR": 31.843971631205672,
            "VDI_CC": 1.5,
            "VDI_OR": 2.032608695652174,
            "VD_CC": 0.12119113573407202,
            "VD_OR": 0.48584660664819945,
            "VLD_CC": 0.03246191135734072,
            "VLD_OR": 0.19909972299168974
        }
    },
    "20256047_R": {
        "0": {
            "VAPR_CC": 100.0,
            "VAPR_OR": 100.0,
            "VDI_CC": 2.6958579881656806,
            "VDI_OR": 3.499124343257443,
            "VD_CC": 2.464941135734072,
            "VD_OR": 2.161963296398892,
            "VLD_CC": 0.914343836565097,
            "VLD_OR": 0.617858379501385
        },
        "1": {
            "VAPR_CC": 0,
            "VAPR_OR": 3.7537537537537538,
            "VDI_CC": 0,
            "VDI_OR": 2.0,
            "VD_CC": 0,
            "VD_OR": 0.0811547783933518,
            "VLD_CC": 0,
            "VLD_OR": 0.023805401662049863
        }
    },
    "20342007_L": {
        "0": {
            "VAPR_CC": 100.0,
            "VAPR_OR": 100.0,
            "VDI_CC": 2.8137700215156585,
            "VDI_OR": 2.8653061224489798,
            "VD_CC": 12.735889889196676,
            "VD_OR": 1.5192174515235457,
            "VLD_CC": 4.526272506925208,
            "VLD_OR": 0.5302112188365651
        },
        "1": {
            "VAPR_CC": 33.41546304163126,
            "VAPR_OR": 0,
            "VDI_CC": 2.044558697514996,
            "VDI_OR": 0,
            "VD_CC": 4.255756578947368,
            "VD_OR": 0,
            "VLD_CC": 1.262768351800554,
            "VLD_OR": 0
        }
    }
}